execution_num;num_execs;size_msg;incremental;time
0;100;100;False;0.016346594999959000033
1;100;100;False;0.009123056999896900568
2;100;100;False;0.0086787019999973007145
3;100;100;False;0.008207737000020500634
4;100;100;False;0.008522588999994600359
5;100;100;False;0.0083869539998884003185
6;100;100;False;0.008663582999815800864
7;100;100;False;0.008756236999943000504
8;100;100;False;0.008058797000103300537
9;100;100;False;0.008205272999930400199
10;100;100;False;0.0081256629998732003706
11;100;100;False;0.0082117039999046008425
12;100;100;False;0.008741690999840800308
13;100;100;False;0.0084798179998415001285
14;100;100;False;0.0075897369999893002715
15;100;100;False;0.007034333000092100191
16;100;100;False;0.007173034000061200184
17;100;100;False;0.007096159000184200198
18;100;100;False;0.006821764000051000129
19;100;100;False;0.007177723000040500158
20;100;100;False;0.007698249999975700225
21;100;100;False;0.0076106880001132002495
22;100;100;False;0.008660186999804600494
23;100;100;False;0.0071501110001008002376
24;100;100;False;0.00743495500000780022
25;100;100;False;0.0075230309998912002142
26;100;100;False;0.0075364560000251001187
27;100;100;False;0.007027580999874600068
28;100;100;False;0.0070627469999634002323
29;100;100;False;0.0056135039999387001397
30;100;100;False;0.0059918350000315000192
31;100;100;False;0.0054506980000041003673
32;100;100;False;0.005621498999971600262
33;100;100;False;0.0061227300000153001003
34;100;100;False;0.0063678510000499000815
35;100;100;False;0.0067879399998672000985
36;100;100;False;0.005891696999924500057
37;100;100;False;0.0061119110000617000306
38;100;100;False;0.005961368000043700162
39;100;100;False;0.0061491910000766002165
40;100;100;False;0.0062864280000667002724
41;100;100;False;0.006504987999960500089
42;100;100;False;0.006210675999909600134
43;100;100;False;0.006355167000037900346
44;100;100;False;0.0057460539999282002344
45;100;100;False;0.0057694470001479003854
46;100;100;False;0.0052514540000174001616
47;100;100;False;0.005183896999824300078
48;100;100;False;0.005431843999985900076
49;100;100;False;0.0055508460000054000993
50;100;100;False;0.0053045040001505000885
51;100;100;False;0.005355649999955800107
52;100;100;False;0.00589115700017800014
53;100;100;False;0.00541245699992010023
54;100;100;False;0.005281911000110900249
55;100;100;False;0.0057496500000979002334
56;100;100;False;0.0063419230000363001343
57;100;100;False;0.005481856999949500167
58;100;100;False;0.0054849830000875000185
59;100;100;False;0.005549904999952300251
60;100;100;False;0.005733920000011200231
61;100;100;False;0.0063147309999748001824
62;100;100;False;0.0060295959999619001823
63;100;100;False;0.006183114000123100286
64;100;100;False;0.006334447999961400136
65;100;100;False;0.0074241569998321002566
66;100;100;False;0.0056491620000541000607
67;100;100;False;0.005818439999984300129
68;100;100;False;0.0053980600000611000944
69;100;100;False;0.0125141460000577006695
70;100;100;False;0.00667255500002260013
71;100;100;False;0.0064784789999519001163
72;100;100;False;0.0066614830000161001297
73;100;100;False;0.0064745019999462001883
74;100;100;False;0.0066297329999542003315
75;100;100;False;0.0061624460001893002076
76;100;100;False;0.005851300999893000246
77;100;100;False;0.006417824999971300133
78;100;100;False;0.007706535999886900308
79;100;100;False;0.0059961429999475001143
80;100;100;False;0.0065854599999966003873
81;100;100;False;0.005991234000020700251
82;100;100;False;0.0055450960001051001827
83;100;100;False;0.0068522610001763000626
84;100;100;False;0.006293653000057000159
85;100;100;False;0.0063620600001286003664
86;100;100;False;0.007278460999941400132
87;100;100;False;0.0063894509999044002413
88;100;100;False;0.005838617000108400207
89;100;100;False;0.0062114790000577001575
90;100;100;False;0.0059294269999554003944
91;100;100;False;0.0058905240000513003906
92;100;100;False;0.006191149000187500147
93;100;100;False;0.006019015999981900192
94;100;100;False;0.0057879819999016000887
95;100;100;False;0.006300734999967800079
96;100;100;False;0.006190748999870100168
97;100;100;False;0.006073908999951500333
98;100;100;False;0.0061323799998262004327
99;100;100;False;0.0057012190000022000547
0;100;100;True;0.0077616799999304002602
1;100;100;True;0.0073916440001084004335
2;100;100;True;0.0069542030000773000925
3;100;100;True;0.0071701080000820000687
4;100;100;True;0.00753301999998240001
5;100;100;True;0.007576091000146100221
6;100;100;True;0.0069935369999709002045
7;100;100;True;0.007439744999828500245
8;100;100;True;0.0074235439999482000922
9;100;100;True;0.009081647999892000778
10;100;100;True;0.0073578609999456002014
11;100;100;True;0.007284182999910500042
12;100;100;True;0.0073221840000314000405
13;100;100;True;0.0070155379999048000927
14;100;100;True;0.0072513109998907001458
15;100;100;True;0.0068999220000023004165
16;100;100;True;0.008072041999866800752
17;100;100;True;0.02324201700002950094
18;100;100;True;0.007912903000033000289
19;100;100;True;0.0075079319999531001634
20;100;100;True;0.008278400000108300516
21;100;100;True;0.0073955830000612000213
22;100;100;True;0.007065602000011400423
23;100;100;True;0.0072049430000332001164
24;100;100;True;0.007181689999924700113
25;100;100;True;0.0073542740001355001722
26;100;100;True;0.007063287999926600412
27;100;100;True;0.007195736000085000035
28;100;100;True;0.005888871000024400136
29;100;100;True;0.0061650299999199001735
30;100;100;True;0.0058736139999380002075
31;100;100;True;0.0059850929999354001224
32;100;100;True;0.008058325999854700633
33;100;100;True;0.005930280000029500287
34;100;100;True;0.005879513999843700295
35;100;100;True;0.0059640530000706001856
36;100;100;True;0.0059795720001146000083
37;100;100;True;0.0061678649999520000075
38;100;100;True;0.0060602539999763003695
39;100;100;True;0.0059448270001210001823
40;100;100;True;0.0058364229998915002906
41;100;100;True;0.0055184360001019000866
42;100;100;True;0.0059309509999819001735
43;100;100;True;0.005733949999921500104
44;100;100;True;0.0057899470000393003094
45;100;100;True;0.006667354000001000404
46;100;100;True;0.0059914540001955000903
47;100;100;True;0.0059295179999026004225
48;100;100;True;0.005748607999976200131
49;100;100;True;0.0068139390000396000274
50;100;100;True;0.006126198000174500405
51;100;100;True;0.0058230180000007000785
52;100;100;True;0.00574392900011840013
53;100;100;True;0.0062181910000162002317
54;100;100;True;0.007221403999892400151
55;100;100;True;0.0058993610000470002655
56;100;100;True;0.0058643459999528002244
57;100;100;True;0.0055518189999474000865
58;100;100;True;0.006948752999960300207
59;100;100;True;0.0054808149998278000645
60;100;100;True;0.0064192280001406001183
61;100;100;True;0.005732879000106300138
62;100;100;True;0.005601321000085300074
63;100;100;True;0.00565343899984310002
64;100;100;True;0.0055565770001064001757
65;100;100;True;0.0057800270001280001225
66;100;100;True;0.006009578999965000355
67;100;100;True;0.0056641500000296001946
68;100;100;True;0.0055208799999491003224
69;100;100;True;0.005685459999995100093
70;100;100;True;0.005789735000007400177
71;100;100;True;0.0067826419999617000925
72;100;100;True;0.0060189359999184002467
73;100;100;True;0.0054933590001837000194
74;100;100;True;0.0067692049999549001524
75;100;100;True;0.006348625000100300078
76;100;100;True;0.0065940760000557001666
77;100;100;True;0.0062185409999528000816
78;100;100;True;0.0058722999999645001876
79;100;100;True;0.006090259000074800186
80;100;100;True;0.0059320739999293003314
81;100;100;True;0.0059614080000755000077
82;100;100;True;0.0064427219999742000103
83;100;100;True;0.005930679999892100006
84;100;100;True;0.0056352750000312002224
85;100;100;True;0.0060184650001247003495
86;100;100;True;0.0073962530000243002087
87;100;100;True;0.005731976000106300123
88;100;100;True;0.007662904000198800074
89;100;100;True;0.005913086999953400154
90;100;100;True;0.0063908239999362001504
91;100;100;True;0.0066625449999263000253
92;100;100;True;0.0062545880000469001453
93;100;100;True;0.0059845309999672002474
94;100;100;True;0.0061094160000720000234
95;100;100;True;0.005615116999933600188
96;100;100;True;0.0064503460000650001196
97;100;100;True;0.005790426999965300227
98;100;100;True;0.006300043999999400089
99;100;100;True;0.0057681760001741001764
0;100;100100;False;0.6575483169999637445
1;100;100100;False;0.6503827670001101069
2;100;100100;False;0.60735273900013453385
3;100;100100;False;0.61821901999996953236
4;100;100100;False;0.6120426699999369502
5;100;100100;False;0.62923821999993334586
6;100;100100;False;0.61233602900006145475
7;100;100100;False;0.6069338820000208523
8;100;100100;False;0.61328384999978835523
9;100;100100;False;0.6140392690001590381
10;100;100100;False;0.61117723500001375214
11;100;100100;False;0.61446700400006193377
12;100;100100;False;0.6150363229999129544
13;100;100100;False;0.61681553299990810046
14;100;100100;False;0.6293883920000098442
15;100;100100;False;0.6336900419998983125
16;100;100100;False;0.61479203199996834694
17;100;100100;False;0.6239849119999687499
18;100;100100;False;0.6452747220000674133
19;100;100100;False;0.6433268130001579266
20;100;100100;False;0.6194394229999028445
21;100;100100;False;0.61291885400009904483
22;100;100100;False;0.6109173050001569516
23;100;100100;False;0.5981535400001121161
24;100;100100;False;0.6031902100000934297
25;100;100100;False;0.59916085200006774514
26;100;100100;False;0.62088328599998021673
27;100;100100;False;0.6339232799998626433
28;100;100100;False;0.60728521299984095094
29;100;100100;False;0.59241044200007264564
30;100;100100;False;0.6071333669999603444
31;100;100100;False;0.6175866519999998472
32;100;100100;False;0.60465659400006155355
33;100;100100;False;0.5959319860000960034
34;100;100100;False;0.59276993800017374614
35;100;100100;False;0.62115533600012895477
36;100;100100;False;0.6021025179998105159
37;100;100100;False;0.5907190049999826442
38;100;100100;False;0.60073788399995464715
39;100;100100;False;0.59116190700001425284
40;100;100100;False;0.58821201599994310527
41;100;100100;False;0.58810149800001454423
42;100;100100;False;0.6230244480000235452
43;100;100100;False;0.62664194200010570057
44;100;100100;False;0.63873970700001314604
45;100;100100;False;0.6050855609998958551
46;100;100100;False;0.590794486999811852
47;100;100100;False;0.5968188319998262159
48;100;100100;False;0.5897861429998555449
49;100;100100;False;0.60474758700001984835
50;100;100100;False;0.5866481979999207397
51;100;100100;False;0.5865353760000289185
52;100;100100;False;0.5891492860000653309
53;100;100100;False;0.5886059960000693536
54;100;100100;False;0.593744799999967654
55;100;100100;False;0.592447801999923751
56;100;100100;False;0.6239011249999748543
57;100;100100;False;0.5945973709999633483
58;100;100100;False;0.58858971499989820586
59;100;100100;False;0.5987512219999189256
60;100;100100;False;0.60446471399995971296
61;100;100100;False;0.59258262499997704786
62;100;100100;False;0.5982661409998395463
63;100;100100;False;0.58634004900000025184
64;100;100100;False;0.58726652900008935454
65;100;100100;False;0.60651450599993950163
66;100;100100;False;0.58599196599993774726
67;100;100100;False;0.5894936530000900454
68;100;100100;False;0.5914764270000887336
69;100;100100;False;0.58720951300006163365
70;100;100100;False;0.597155955000062022
71;100;100100;False;0.5924095000000304534
72;100;100100;False;0.59380080500000065324
73;100;100100;False;0.59530895800003225116
74;100;100100;False;0.6002493069997854036
75;100;100100;False;0.5956456379999508499
76;100;100100;False;0.60177818800002524924
77;100;100100;False;0.61717788600003564703
78;100;100100;False;0.60342173699996215497
79;100;100100;False;0.6161271830001169292
80;100;100100;False;0.6953566349998252516
81;100;100100;False;0.60384223500000144824
82;100;100100;False;0.61284039900010611746
83;100;100100;False;0.6203573479999704432
84;100;100100;False;0.6332453949999035103
85;100;100100;False;0.64188631700017140247
86;100;100100;False;0.6132332139998194487
87;100;100100;False;0.62261073000013311685
88;100;100100;False;0.6228396409999277239
89;100;100100;False;0.68788508099987655253
90;100;100100;False;0.6134770539999863104
91;100;100100;False;0.6003634519997831376
92;100;100100;False;0.6020368449999291549
93;100;100100;False;0.61233602099991912837
94;100;100100;False;0.61054297199984830513
95;100;100100;False;0.6104795319999990477
96;100;100100;False;0.6021635419999711303
97;100;100100;False;0.60868311799981711374
98;100;100100;False;0.62284327599991184954
99;100;100100;False;0.6020878699998775119
0;100;100100;True;0.34975279400009640085
1;100;100100;True;0.34289136600000341693
2;100;100100;True;0.33660171199994681768
3;100;100100;True;0.3324743089999627199
4;100;100100;True;0.3296747110000524117
5;100;100100;True;0.34222610599999792047
6;100;100100;True;0.3369246080001174204
7;100;100100;True;0.34091863100002212095
8;100;100100;True;0.34316037100006702154
9;100;100100;True;0.35035964400003621888
10;100;100100;True;0.3437755269999340224
11;100;100100;True;0.3337726569998267223
12;100;100100;True;0.3382600170000387152
13;100;100100;True;0.33123179500012150944
14;100;100100;True;0.33913099200003671285
15;100;100100;True;0.34578216700015201868
16;100;100100;True;0.3333987859998615022
17;100;100100;True;0.34116150799991362685
18;100;100100;True;0.3319179439999970227
19;100;100100;True;0.33179710699982922772
20;100;100100;True;0.34937573599995630502
21;100;100100;True;0.3303068879999955243
22;100;100100;True;0.33238158499989362005
23;100;100100;True;0.33740130399996792754
24;100;100100;True;0.33261154799993142284
25;100;100100;True;0.35212616400008300843
26;100;100100;True;0.33643420699991111178
27;100;100100;True;0.3432244819998686025
28;100;100100;True;0.32892432000016902371
29;100;100100;True;0.34491766200017082156
30;100;100100;True;0.35128624499998262198
31;100;100100;True;0.34859255499986802063
32;100;100100;True;0.33255585199981391176
33;100;100100;True;0.33073815700004161044
34;100;100100;True;0.3318935479999253202
35;100;100100;True;0.35136882000006142146
36;100;100100;True;0.38594321499999750813
37;100;100100;True;0.4176926820000517182
38;100;100100;True;0.3362788640001779239
39;100;100100;True;0.36028216199997581404
40;100;100100;True;0.34161413599986190093
41;100;100100;True;0.33871531099998691827
42;100;100100;True;0.34127001000001622177
43;100;100100;True;0.3532351349999771073
44;100;100100;True;0.35039767500006741008
45;100;100100;True;0.34102886699997692066
46;100;100100;True;0.3542545709999557202
47;100;100100;True;0.36061473899985652114
48;100;100100;True;0.3425981350001163217
49;100;100100;True;0.34682496499999582174
50;100;100100;True;0.361320683000030618
51;100;100100;True;0.42397170699996422627
52;100;100100;True;0.3475754149999373266
53;100;100100;True;0.3523307580001073247
54;100;100100;True;0.34897877200000931852
55;100;100100;True;0.33461342600003252112
56;100;100100;True;0.34071307599992900483
57;100;100100;True;0.33234729099990512058
58;100;100100;True;0.3374083070000323259
59;100;100100;True;0.33297264499992701436
60;100;100100;True;0.34826328600001932312
61;100;100100;True;0.34837966600002800988
62;100;100100;True;0.335327418000133326
63;100;100100;True;0.33642292499985160248
64;100;100100;True;0.33939399599989872325
65;100;100100;True;0.34617960299988220774
66;100;100100;True;0.35139297499995331142
67;100;100100;True;0.33636117000014542633
68;100;100100;True;0.33508919000018971834
69;100;100100;True;0.33592016099987631605
70;100;100100;True;0.33039338999992651225
71;100;100100;True;0.32783690800010811817
72;100;100100;True;0.32787949799990201427
73;100;100100;True;0.33626647200003390026
74;100;100100;True;0.33639421199995922507
75;100;100100;True;0.34568334999994471124
76;100;100100;True;0.33077201099990810595
77;100;100100;True;0.32796550000011842618
78;100;100100;True;0.33078750000004220055
79;100;100100;True;0.3263049800000317191
80;100;100100;True;0.33667929700004600724
81;100;100100;True;0.34052651300021352654
82;100;100100;True;0.32871377499986920157
83;100;100100;True;0.35641385600001740386
84;100;100100;True;0.33037156899990782755
85;100;100100;True;0.33909713899993221276
86;100;100100;True;0.32467191199998501894
87;100;100100;True;0.3415378439999585125
88;100;100100;True;0.33010531800005071812
89;100;100100;True;0.3362837340000621178
90;100;100100;True;0.33538350300000252524
91;100;100100;True;0.33003522700005272217
92;100;100100;True;0.32468257300001812649
93;100;100100;True;0.33694232199991341892
94;100;100100;True;0.3318972550000580113
95;100;100100;True;0.3284586259999284219
96;100;100100;True;0.33156383899995461872
97;100;100100;True;0.34048078799992231858
98;100;100100;True;0.32765067800005431842
99;100;100100;True;0.33101195300014291112
0;100;200100;False;0.012615436999794700859
1;100;200100;False;0.011531210000157400206
2;100;200100;False;0.0111677280001458000686
3;100;200100;False;0.014652434000026800381
4;100;200100;False;0.0123690030000034
5;100;200100;False;0.017401465999910201154
6;100;200100;False;0.011595390000138400266
7;100;200100;False;0.011836923999908200572
8;100;200100;False;0.010856101999934100744
9;100;200100;False;0.011940417999994500445
10;100;200100;False;0.011251075000018300604
11;100;200100;False;0.011645975999954200422
12;100;200100;False;0.011693985999954600516
13;100;200100;False;0.011296769999944200266
14;100;200100;False;0.011793934000024800315
15;100;200100;False;0.014225730999896700826
16;100;200100;False;0.013875182999981800283
17;100;200100;False;0.012976954999885400785
18;100;200100;False;0.013887778000025500363
19;100;200100;False;0.016038426999784801547
20;100;200100;False;0.013262773999940500463
21;100;200100;False;0.014949782000030600523
22;100;200100;False;0.012881867000032600629
23;100;200100;False;0.012985521000018700188
24;100;200100;False;0.015485877999935700536
25;100;200100;False;0.013008304000095300551
26;100;200100;False;0.0145023509999190006875
27;100;200100;False;0.013655710999955600685
28;100;200100;False;0.012648848999788100261
29;100;200100;False;0.012016381999956100152
30;100;200100;False;0.012540828000055600014
31;100;200100;False;0.012908567000067700317
32;100;200100;False;0.017642339000076300015
33;100;200100;False;0.011834700000008500226
34;100;200100;False;0.01112603899991880009
35;100;200100;False;0.011880857000051000746
36;100;200100;False;0.01108678500008850043
37;100;200100;False;0.0139013319999321000725
38;100;200100;False;0.023141979000001800665
39;100;200100;False;0.018790456000033300271
40;100;200100;False;0.02274601499993840134
41;100;200100;False;0.024518505000060000082
42;100;200100;False;0.01163818100008020065
43;100;200100;False;0.011864895999906300422
44;100;200100;False;0.011308460999998600632
45;100;200100;False;0.011214846000029700737
46;100;200100;False;0.011396396999998500282
47;100;200100;False;0.011124596999934500269
48;100;200100;False;0.01094997900008820059
49;100;200100;False;0.011050116999967900602
50;100;200100;False;0.0110289369999918007714
51;100;200100;False;0.011178546999872000442
52;100;200100;False;0.010858536000114200545
53;100;200100;False;0.01145481700018530051
54;100;200100;False;0.011241425999969500635
55;100;200100;False;0.010941763999880900482
56;100;200100;False;0.0116592710000986005126
57;100;200100;False;0.011539114000015400496
58;100;200100;False;0.011539806999962700859
59;100;200100;False;0.011164220999944400592
60;100;200100;False;0.011450689000184800098
61;100;200100;False;0.0115806430001157006915
62;100;200100;False;0.01223248900009820013
63;100;200100;False;0.0112489910000021006015
64;100;200100;False;0.012937260999933600236
65;100;200100;False;0.0118857859999932004985
66;100;200100;False;0.012338487000079100334
67;100;200100;False;0.0117254649999267001464
68;100;200100;False;0.01127028000018980014
69;100;200100;False;0.010574452999890000468
70;100;200100;False;0.011427636000007500641
71;100;200100;False;0.010676785999976300817
72;100;200100;False;0.0109196210000844003835
73;100;200100;False;0.026227455000025601262
74;100;200100;False;0.012589618999982000319
75;100;200100;False;0.01160919600010850046
76;100;200100;False;0.012046757999996500488
77;100;200100;False;0.011604838000039200546
78;100;200100;False;0.0120185149999088008305
79;100;200100;False;0.011212380999950000496
80;100;200100;False;0.011709203999998800405
81;100;200100;False;0.011704456999950700602
82;100;200100;False;0.011120959999970800314
83;100;200100;False;0.011243870000043700713
84;100;200100;False;0.0115119140000388003875
85;100;200100;False;0.011771180000096000476
86;100;200100;False;0.011427704999960000554
87;100;200100;False;0.01732766800000690166
88;100;200100;False;0.012172074000090800372
89;100;200100;False;0.011289858000054600259
90;100;200100;False;0.011910423000017400855
91;100;200100;False;0.0122615410000435007265
92;100;200100;False;0.011819791999869100341
93;100;200100;False;0.012094528000034000803
94;100;200100;False;0.010777904000178700414
95;100;200100;False;0.011148280999804900324
96;100;200100;False;0.013534975000084100566
97;100;200100;False;0.010747458999958100362
98;100;200100;False;0.010948194999855300619
99;100;200100;False;0.010931895000112400174
0;100;200100;True;0.5843355040001370071
1;100;200100;True;0.59183951899990461243
2;100;200100;True;0.58174143199994432507
3;100;200100;True;0.6019266480000169395
4;100;200100;True;0.59012693399995441723
5;100;200100;True;0.5897012430000359018
6;100;200100;True;0.5759841569999935018
7;100;200100;True;0.5818642519998320495
8;100;200100;True;0.5798871590000086451
9;100;200100;True;0.5787381999998615356
10;100;200100;True;0.5795917130001271289
11;100;200100;True;0.591384664999850429
12;100;200100;True;0.60185888000000864473
13;100;200100;True;0.65300255800002560136
14;100;200100;True;0.594716052000193951
15;100;200100;True;0.6210677609999493143
16;100;200100;True;0.5933063239999678551
17;100;200100;True;0.5912484390000827261
18;100;200100;True;0.5932165659999100171
19;100;200100;True;0.5935137639999084058
20;100;200100;True;0.5828664749999461492
21;100;200100;True;0.58565492299999255543
22;100;200100;True;0.615543194000110816
23;100;200100;True;0.77962016599985872745
24;100;200100;True;0.77105315399990104197
25;100;200100;True;0.6074302940000958495
26;100;200100;True;0.6100288559998715554
27;100;200100;True;0.60361423599988484057
28;100;200100;True;0.59945751899999755175
29;100;200100;True;0.58970297699988805107
30;100;200100;True;0.5937668189999385504
31;100;200100;True;0.5951651059999676363
32;100;200100;True;0.5873064039999460473
33;100;200100;True;0.57137836500010052987
34;100;200100;True;0.5808074970000234316
35;100;200100;True;0.5884704609998151481
36;100;200100;True;0.5816754669999677496
37;100;200100;True;0.58130396999990785467
38;100;200100;True;0.5820969789999708155
39;100;200100;True;0.5810895079998772417
40;100;200100;True;0.57549828400010483165
41;100;200100;True;0.57368480800005272613
42;100;200100;True;0.58161818999997194624
43;100;200100;True;0.5821677320000161471
44;100;200100;True;0.5757355099999581505
45;100;200100;True;0.5722588099999939004
46;100;200100;True;0.5755291929999657441
47;100;200100;True;0.5843536279999167471
48;100;200100;True;0.5829438800001297549
49;100;200100;True;0.57332172599990371964
50;100;200100;True;0.58648431100004905225
51;100;200100;True;0.5876957250000032218
52;100;200100;True;0.58955453700014004426
53;100;200100;True;0.5975525809999453486
54;100;200100;True;0.5735649329999430446
55;100;200100;True;0.57290985199983834875
56;100;200100;True;0.57781866300001605286
57;100;200100;True;0.5924068950000670464
58;100;200100;True;0.63993761699998674697
59;100;200100;True;0.5741644990000619453
60;100;200100;True;0.58121340999991844
61;100;200100;True;0.58900544600010085183
62;100;200100;True;0.59945875100015655335
63;100;200100;True;0.57982870899991212355
64;100;200100;True;0.5718272589999742195
65;100;200100;True;0.58044394500007001625
66;100;200100;True;0.57213859299986324913
67;100;200100;True;0.59464548999994804035
68;100;200100;True;0.62346004599999105267
69;100;200100;True;0.572524028000088947
70;100;200100;True;0.5749438929999538539
71;100;200100;True;0.5956956729999092204
72;100;200100;True;0.57519594699988374487
73;100;200100;True;0.5763242760001503484
74;100;200100;True;0.5718932930001301429
75;100;200100;True;0.5773506139998968445
76;100;200100;True;0.573386067000001054
77;100;200100;True;0.57264186900010805026
78;100;200100;True;0.57681245300000194565
79;100;200100;True;0.57400106199997924517
80;100;200100;True;0.5831804939998619375
81;100;200100;True;0.5710896739999498095
82;100;200100;True;0.5850550260001905478
83;100;200100;True;0.60425109500010865116
84;100;200100;True;0.57183856999995441583
85;100;200100;True;0.5855011339999689479
86;100;200100;True;0.57280445399987911514
87;100;200100;True;0.5728655190000605524
88;100;200100;True;0.57537040500005764976
89;100;200100;True;0.58624090300008901977
90;100;200100;True;0.5751811380000616536
91;100;200100;True;0.58598835900011181366
92;100;200100;True;0.58289282400005504314
93;100;200100;True;0.5690261170000211477
94;100;200100;True;0.5739468799999940529
95;100;200100;True;0.57335306499999194596
96;100;200100;True;0.5866704299999128125
97;100;200100;True;0.5665361900000789319
98;100;200100;True;0.56945787900008304483
99;100;200100;True;0.58564303999992262106
0;100;300100;False;0.014860995000162800436
1;100;300100;False;0.015001138000115800397
2;100;300100;False;0.013857199000085300422
3;100;300100;False;0.013796916000046500345
4;100;300100;False;0.0139255169999614007714
5;100;300100;False;0.013481894000051300453
6;100;300100;False;0.012646846000052100467
7;100;300100;False;0.0127348720000100001926
8;100;300100;False;0.017495985000095901074
9;100;300100;False;0.012885374999996200215
10;100;300100;False;0.013132738999956700479
11;100;300100;False;0.0134315499999500004985
12;100;300100;False;0.0139025839998793004915
13;100;300100;False;0.043430230000012601255
14;100;300100;False;0.021962746000099200167
15;100;300100;False;0.014258434000111900458
16;100;300100;False;0.01482572999998410003
17;100;300100;False;0.015395658999977900397
18;100;300100;False;0.016098349000003401438
19;100;300100;False;0.016321598000104100418
20;100;300100;False;0.016303583999842701652
21;100;300100;False;0.016216831000065101698
22;100;300100;False;0.01613321400009220044
23;100;300100;False;0.016114007999931300591
24;100;300100;False;0.016471429999910400244
25;100;300100;False;0.016035650999810701495
26;100;300100;False;0.016045399000176801402
27;100;300100;False;0.019343696999840100104
28;100;300100;False;0.015859600999874601257
29;100;300100;False;0.01599758099996500052
30;100;300100;False;0.014977954999949300366
31;100;300100;False;0.014603041000100300609
32;100;300100;False;0.013983456000005200712
33;100;300100;False;0.014619810999874900334
34;100;300100;False;0.014896211000177300363
35;100;300100;False;0.015580436000163800855
36;100;300100;False;0.016468954999936301353
37;100;300100;False;0.0152646530000310007985
38;100;300100;False;0.01498756199998750073
39;100;300100;False;0.015115503000060700328
40;100;300100;False;0.01830139699995890143
41;100;300100;False;0.015079283999966700339
42;100;300100;False;0.0148161110000727003905
43;100;300100;False;0.013619103000109900395
44;100;300100;False;0.013614425000014300504
45;100;300100;False;0.013193062000027500763
46;100;300100;False;0.014357769000071100504
47;100;300100;False;0.01401539600010420078
48;100;300100;False;0.014742041000090400776
49;100;300100;False;0.014526435999869000831
50;100;300100;False;0.014453679000098300367
51;100;300100;False;0.01448886600019250008
52;100;300100;False;0.016977659999838301541
53;100;300100;False;0.0143659349998868004356
54;100;300100;False;0.014891452000028700467
55;100;300100;False;0.01987391000011470149
56;100;300100;False;0.015226110999947100114
57;100;300100;False;0.015385210999966000486
58;100;300100;False;0.0143925760000910007985
59;100;300100;False;0.014769524000030200689
60;100;300100;False;0.01359577799985330071
61;100;300100;False;0.013616837999961500447
62;100;300100;False;0.013583274999973400307
63;100;300100;False;0.014774101000057200325
64;100;300100;False;0.01444393099995970077
65;100;300100;False;0.0137517709999883004646
66;100;300100;False;0.0134395140000832004346
67;100;300100;False;0.014564486999915700338
68;100;300100;False;0.0148460779998912002775
69;100;300100;False;0.017177717000094801236
70;100;300100;False;0.0240119239999785003
71;100;300100;False;0.0152153300000463006375
72;100;300100;False;0.0145208460000958005515
73;100;300100;False;0.0146259240000289007094
74;100;300100;False;0.013718659999994900489
75;100;300100;False;0.014094135999812200735
76;100;300100;False;0.013991902000043200324
77;100;300100;False;0.014565168999979500111
78;100;300100;False;0.014033659999995500012
79;100;300100;False;0.014198500000020300785
80;100;300100;False;0.013835197999924100584
81;100;300100;False;0.018062488999930601669
82;100;300100;False;0.015003663000015800277
83;100;300100;False;0.014462736000041300638
84;100;300100;False;0.014396140999906400712
85;100;300100;False;0.016763539000066801643
86;100;300100;False;0.015222144000062800412
87;100;300100;False;0.0154131229999163003874
88;100;300100;False;0.0146708980000767007235
89;100;300100;False;0.013464060999922200512
90;100;300100;False;0.014024793999851400267
91;100;300100;False;0.015116714999976400141
92;100;300100;False;0.0138845100000253001554
93;100;300100;False;0.012965073000031900399
94;100;300100;False;0.013555451999991400061
95;100;300100;False;0.012925357999847600712
96;100;300100;False;0.013013022999984800651
97;100;300100;False;0.013403589000063000428
98;100;300100;False;0.013089818999787800752
99;100;300100;False;0.013086671999872000541
0;100;300100;True;0.48126742100021141502
1;100;300100;True;0.40666124099993772312
2;100;300100;True;0.43404820599994292651
3;100;300100;True;0.41006197999990912084
4;100;300100;True;0.41887509499997571671
5;100;300100;True;0.40705841899989531063
6;100;300100;True;0.41939457000012220211
7;100;300100;True;0.40685956299989811669
8;100;300100;True;0.41803345300013461383
9;100;300100;True;0.40798053899993641513
10;100;300100;True;0.40838894600005881674
11;100;300100;True;0.41041405999999341914
12;100;300100;True;0.40291674700006291365
13;100;300100;True;0.4204800170000452253
14;100;300100;True;0.4149405339999248099
15;100;300100;True;0.4218236509998404271
16;100;300100;True;0.40757587899997810288
17;100;300100;True;0.40504319100000402143
18;100;300100;True;0.4096894389999761188
19;100;300100;True;0.40606938900009481586
20;100;300100;True;0.41049551299988701336
21;100;300100;True;0.4013938269999923203
22;100;300100;True;0.41255275699995752614
23;100;300100;True;0.41894424299994170724
24;100;300100;True;0.41403464099994380376
25;100;300100;True;0.4167132630000193183
26;100;300100;True;0.41684955000005152748
27;100;300100;True;0.40668473699997770288
28;100;300100;True;0.41650539399984132238
29;100;300100;True;0.4001196149999938223
30;100;300100;True;0.40674090199991042027
31;100;300100;True;0.40211246800004102342
32;100;300100;True;0.40213573999994872699
33;100;300100;True;0.41056068600005340974
34;100;300100;True;0.40955431499992300814
35;100;300100;True;0.40495102799991400389
36;100;300100;True;0.40580865900005841373
37;100;300100;True;0.416002289000061809
38;100;300100;True;0.4195052780000878001
39;100;300100;True;0.40134418499997082108
40;100;300100;True;0.40466392100006481902
41;100;300100;True;0.40483963000019662637
42;100;300100;True;0.41492826099988622257
43;100;300100;True;0.40192282099997100886
44;100;300100;True;0.40346262299999580137
45;100;300100;True;0.40716618999999781847
46;100;300100;True;0.39833600299994031957
47;100;300100;True;0.40690282500008811972
48;100;300100;True;0.40425244600010040719
49;100;300100;True;0.40196310600003920532
50;100;300100;True;0.40386835499998591237
51;100;300100;True;0.39868101100000780113
52;100;300100;True;0.40423715799988702013
53;100;300100;True;0.40628618699997781638
54;100;300100;True;0.4005782470001120199
55;100;300100;True;0.4058858860000780222
56;100;300100;True;0.39713854400019932278
57;100;300100;True;0.39672035900002811104
58;100;300100;True;0.39739079800006021914
59;100;300100;True;0.40194187599990982562
60;100;300100;True;0.3963696190000973174
61;100;300100;True;0.39643673700015802375
62;100;300100;True;0.40500052299989852678
63;100;300100;True;0.40221247500016932275
64;100;300100;True;0.39625473399996730128
65;100;300100;True;0.39653632299996371957
66;100;300100;True;0.399470123000128019
67;100;300100;True;0.40237034100005070192
68;100;300100;True;0.3946456709998074075
69;100;300100;True;0.39748617600002922323
70;100;300100;True;0.39734969999994962375
71;100;300100;True;0.3959798980001775215
72;100;300100;True;0.4005036940000081258
73;100;300100;True;0.3964514829999640222
74;100;300100;True;0.40100829299990431442
75;100;300100;True;0.40358636700011601972
76;100;300100;True;0.41103974700013151677
77;100;300100;True;0.39780444500001971297
78;100;300100;True;0.40587978300004562415
79;100;300100;True;0.41208332600012892444
80;100;300100;True;0.3958860410000397123
81;100;300100;True;0.39817541100001102583
82;100;300100;True;0.41044664099990751938
83;100;300100;True;0.39700090499991341764
84;100;300100;True;0.3967805010001939081
85;100;300100;True;0.40311847699990721594
86;100;300100;True;0.39609982400020271598
87;100;300100;True;0.40127310000002580637
88;100;300100;True;0.39566260100014000178
89;100;300100;True;0.3971439839999674204
90;100;300100;True;0.41540797000016022045
91;100;300100;True;0.3996747369999411048
92;100;300100;True;0.4000734060000468162
93;100;300100;True;0.3988742740000361109
94;100;300100;True;0.3947793140000612211
95;100;300100;True;0.40147319599986980299
96;100;300100;True;0.39488741500008461838
97;100;300100;True;0.41324362499994982123
98;100;300100;True;0.39986155900010061925
99;100;300100;True;0.40565853700013571048
0;100;400100;False;0.017897530000027101621
1;100;400100;False;0.016435522999927301702
2;100;400100;False;0.016327699999919700197
3;100;400100;False;0.016464866999967801148
4;100;400100;False;0.016696743000011001617
5;100;400100;False;0.015614871000025100367
6;100;400100;False;0.014949379999961700735
7;100;400100;False;0.015097629000138000285
8;100;400100;False;0.0149707709999802006384
9;100;400100;False;0.015319705999900000773
10;100;400100;False;0.01568971200003940053
11;100;400100;False;0.016632864000030101598
12;100;400100;False;0.019595497999944200274
13;100;400100;False;0.01602427099987820125
14;100;400100;False;0.017227230000116701414
15;100;400100;False;0.017137320000074101473
16;100;400100;False;0.016731767999999501428
17;100;400100;False;0.016854920000014001619
18;100;400100;False;0.017830481999908401325
19;100;400100;False;0.01862115700009750116
20;100;400100;False;0.018454324000003900774
21;100;400100;False;0.017807318999985000119
22;100;400100;False;0.018774895999968000543
23;100;400100;False;0.018954243000052800605
24;100;400100;False;0.018280468000057101263
25;100;400100;False;0.018297549999942701315
26;100;400100;False;0.01809992900007240113
27;100;400100;False;0.01839102600001750118
28;100;400100;False;0.017385066999849801278
29;100;400100;False;0.016760985000018900626
30;100;400100;False;0.016259183000101901095
31;100;400100;False;0.017223413999999801632
32;100;400100;False;0.016893472999981701266
33;100;400100;False;0.016192103999855801677
34;100;400100;False;0.017904842000006901404
35;100;400100;False;0.016718953999997801518
36;100;400100;False;0.017980444000158801732
37;100;400100;False;0.017106542999954201661
38;100;400100;False;0.017214505000083500652
39;100;400100;False;0.016162618999942101466
40;100;400100;False;0.016662198000176400153
41;100;400100;False;0.01670446799994350015
42;100;400100;False;0.017134674999851901706
43;100;400100;False;0.017413077999890301528
44;100;400100;False;0.016870208000000101733
45;100;400100;False;0.016080846000022401554
46;100;400100;False;0.01660275600011100125
47;100;400100;False;0.019580269000016400915
48;100;400100;False;0.016798956000002300548
49;100;400100;False;0.017602184999986801583
50;100;400100;False;0.017441752999957201714
51;100;400100;False;0.017266023999809400336
52;100;400100;False;0.016997277999962201456
53;100;400100;False;0.016339732000005800089
54;100;400100;False;0.017247867999912701309
55;100;400100;False;0.016753309000023201142
56;100;400100;False;0.016846002999954701185
57;100;400100;False;0.016478362000043201424
58;100;400100;False;0.020995927999819901516
59;100;400100;False;0.017066877999923200926
60;100;400100;False;0.016767334999940101264
61;100;400100;False;0.016375518999893701189
62;100;400100;False;0.017401996999978901204
63;100;400100;False;0.016862253999988700143
64;100;400100;False;0.01698630700002460095
65;100;400100;False;0.01644250499998620163
66;100;400100;False;0.01652812600013910116
67;100;400100;False;0.016442095000001901578
68;100;400100;False;0.016543375999845000984
69;100;400100;False;0.021805330000006201141
70;100;400100;False;0.019435659000009701536
71;100;400100;False;0.017371701999991200766
72;100;400100;False;0.017948254999964701611
73;100;400100;False;0.016121293000196601497
74;100;400100;False;0.020890111000198701569
75;100;400100;False;0.017260231999898501681
76;100;400100;False;0.016908008999962101382
77;100;400100;False;0.01753645999997360122
78;100;400100;False;0.020589104000009600393
79;100;400100;False;0.017241125000055000649
80;100;400100;False;0.016646727999841400697
81;100;400100;False;0.017216067999924901388
82;100;400100;False;0.016925903000128500464
83;100;400100;False;0.016026343000021300855
84;100;400100;False;0.017531340000004801138
85;100;400100;False;0.017080584000041001275
86;100;400100;False;0.01691327900016400057
87;100;400100;False;0.016574693999927701121
88;100;400100;False;0.01721346299996150131
89;100;400100;False;0.02298215899986640054
90;100;400100;False;0.017041731000062801393
91;100;400100;False;0.017998436999960100435
92;100;400100;False;0.016805198000156101185
93;100;400100;False;0.016559055000016000697
94;100;400100;False;0.017996875999869901136
95;100;400100;False;0.016385139000021701344
96;100;400100;False;0.016304206999848001175
97;100;400100;False;0.015707764999888001317
98;100;400100;False;0.015320548000090500329
99;100;400100;False;0.01647420499989480161
0;100;400100;True;0.26504167300004122243
1;100;400100;True;0.26328446200000121813
2;100;400100;True;0.2602271199998538176
3;100;400100;True;0.26807912900017072388
4;100;400100;True;0.2818987879998076096
5;100;400100;True;0.26377664699998581987
6;100;400100;True;0.26809118100004492025
7;100;400100;True;0.27306219999991282466
8;100;400100;True;0.2671483710000757128
9;100;400100;True;0.26104449499985071803
10;100;400100;True;0.27282981200005451683
11;100;400100;True;0.26612985699989621935
12;100;400100;True;0.27711570399992502267
13;100;400100;True;0.271371634999923117
14;100;400100;True;0.25880843499999162116
15;100;400100;True;0.26391873400007170858
16;100;400100;True;0.26430969800003362158
17;100;400100;True;0.27091941500020760847
18;100;400100;True;0.26344353200011022542
19;100;400100;True;0.2620959000000763206
20;100;400100;True;0.2713376490000882213
21;100;400100;True;0.26369260899991781022
22;100;400100;True;0.27209117600023091654
23;100;400100;True;0.26672181899994001908
24;100;400100;True;0.27347881200012091885
25;100;400100;True;0.26391903499961671953
26;100;400100;True;0.2628528420000291188
27;100;400100;True;0.2635716029999454202
28;100;400100;True;0.26276564799991292132
29;100;400100;True;0.2624148490003789247
30;100;400100;True;0.26492519400017022768
31;100;400100;True;0.27095573299993702676
32;100;400100;True;0.2625421780003304173
33;100;400100;True;0.26025738699991052272
34;100;400100;True;0.2604596370001672212
35;100;400100;True;0.2627272060003633114
36;100;400100;True;0.26093738400004440336
37;100;400100;True;0.2619882980002328221
38;100;400100;True;0.26732310899978972696
39;100;400100;True;0.26264443099989870367
40;100;400100;True;0.27305439500014472287
41;100;400100;True;0.26511308699991781301
42;100;400100;True;0.26396871800034171773
43;100;400100;True;0.2607930030003444144
44;100;400100;True;0.26783846899979801837
45;100;400100;True;0.27192230799983002631
46;100;400100;True;0.26296493300014822658
47;100;400100;True;0.26463035999995532244
48;100;400100;True;0.26594097299994240435
49;100;400100;True;0.26573403400016082365
50;100;400100;True;0.2591225959999973183
51;100;400100;True;0.2629205190000902248
52;100;400100;True;0.26603324600000621825
53;100;400100;True;0.2688199009999152067
54;100;400100;True;0.27201978199991572183
55;100;400100;True;0.27110378999987000403
56;100;400100;True;0.26247859800014322618
57;100;400100;True;0.2595406800001001102
58;100;400100;True;0.26406741300024771935
59;100;400100;True;0.26311515499992310652
60;100;400100;True;0.26751144300033041779
61;100;400100;True;0.2616961789999550092
62;100;400100;True;0.2635724639999352248
63;100;400100;True;0.2572434950002389087
64;100;400100;True;0.25470033800002050972
65;100;400100;True;0.26043349800011111883
66;100;400100;True;0.25938456700032441749
67;100;400100;True;0.27329148899980282295
68;100;400100;True;0.25578957400011842482
69;100;400100;True;0.25550508000014782173
70;100;400100;True;0.25803261800001542348
71;100;400100;True;0.25904408699989261988
72;100;400100;True;0.26045311399957421505
73;100;400100;True;0.2694493440003498108
74;100;400100;True;0.26996293799993492657
75;100;400100;True;0.25841252100008171855
76;100;400100;True;0.25690909700006142602
77;100;400100;True;0.2909065889998601051
78;100;400100;True;0.2588880339999377056
79;100;400100;True;0.2666668159999969201
80;100;400100;True;0.29094103399984300173
81;100;400100;True;0.26160241300021880306
82;100;400100;True;0.259381931999996318
83;100;400100;True;0.26546202200006502325
84;100;400100;True;0.26155388300003312718
85;100;400100;True;0.25539183799992282164
86;100;400100;True;0.25826746899974750704
87;100;400100;True;0.2597357869999539215
88;100;400100;True;0.2637843820002672146
89;100;400100;True;0.2602546809998784183
90;100;400100;True;0.25791275299980032099
91;100;400100;True;0.2597508349999769206
92;100;400100;True;0.2736925320000409001
93;100;400100;True;0.25809560700008660206
94;100;400100;True;0.26376708900033912775
95;100;400100;True;0.2671122339997962225
96;100;400100;True;0.25483674499992031715
97;100;400100;True;0.2542862599998442219
98;100;400100;True;0.27426620200003520855
99;100;400100;True;0.2555949379998310178
0;100;500100;False;0.019130396000036801324
1;100;500100;False;0.017838468999798101633
2;100;500100;False;0.018149883000205500883
3;100;500100;False;0.01788608600008950028
4;100;500100;False;0.018445316999986801493
5;100;500100;False;0.017342486000416001274
6;100;500100;False;0.017210377000082901361
7;100;500100;False;0.017559523999807400557
8;100;500100;False;0.01726026100004670119
9;100;500100;False;0.01698096699965390144
10;100;500100;False;0.021346085999994001553
11;100;500100;False;0.017605740000362801734
12;100;500100;False;0.017971517000205401021
13;100;500100;False;0.017431854000278600159
14;100;500100;False;0.018656353999631201251
15;100;500100;False;0.01848231799976890119
16;100;500100;False;0.019074571000146301608
17;100;500100;False;0.018684577999919901176
18;100;500100;False;0.018796156999996701392
19;100;500100;False;0.0183111669998652013
20;100;500100;False;0.020946706999893600909
21;100;500100;False;0.023801350000212301294
22;100;500100;False;0.01953893299969420086
23;100;500100;False;0.01955877999989720159
24;100;500100;False;0.019944282999858800598
25;100;500100;False;0.020426800000223000603
26;100;500100;False;0.021778739999717501574
27;100;500100;False;0.019803438000053401324
28;100;500100;False;0.017457121000006601413
29;100;500100;False;0.017978711000068800518
30;100;500100;False;0.02101320100018690129
31;100;500100;False;0.019053008999890101022
32;100;500100;False;0.018601741000111301355
33;100;500100;False;0.01882813699967280166
34;100;500100;False;0.018908867999925801223
35;100;500100;False;0.018562127000222701512
36;100;500100;False;0.018632579000041001732
37;100;500100;False;0.018312938999770201481
38;100;500100;False;0.01877524700012140127
39;100;500100;False;0.019475041000077901454
40;100;500100;False;0.019055012000080501222
41;100;500100;False;0.018914037999820700053
42;100;500100;False;0.0186262970000822016
43;100;500100;False;0.018075431999932001226
44;100;500100;False;0.0181886850000410015
45;100;500100;False;0.01849885799992960142
46;100;500100;False;0.018468149999989601218
47;100;500100;False;0.018533072000082001507
48;100;500100;False;0.018422765000195601148
49;100;500100;False;0.017788142999961401719
50;100;500100;False;0.022059276000163600961
51;100;500100;False;0.018079631000091401366
52;100;500100;False;0.019303379000120801656
53;100;500100;False;0.018766099000004001635
54;100;500100;False;0.018482026000128701226
55;100;500100;False;0.017986616000143701433
56;100;500100;False;0.018556508000074200398
57;100;500100;False;0.018660662999991400185
58;100;500100;False;0.018057329999919401187
59;100;500100;False;0.018212421000043801239
60;100;500100;False;0.01871243100003990023
61;100;500100;False;0.018982707999839400215
62;100;500100;False;0.018720215000029901548
63;100;500100;False;0.019234822000271101228
64;100;500100;False;0.01859044200000420019
65;100;500100;False;0.018894261999776000571
66;100;500100;False;0.018791979000070301725
67;100;500100;False;0.01962820100015940164
68;100;500100;False;0.019913726999675401136
69;100;500100;False;0.018609747000027501707
70;100;500100;False;0.01938388199960160152
71;100;500100;False;0.019191519999822000131
72;100;500100;False;0.018352484000388101515
73;100;500100;False;0.018263986999954601176
74;100;500100;False;0.018080432999795101323
75;100;500100;False;0.018203312999958101703
76;100;500100;False;0.018424166999920801174
77;100;500100;False;0.01877138999998350169
78;100;500100;False;0.017973430999972901667
79;100;500100;False;0.02159255900005490128
80;100;500100;False;0.018846951999875901501
81;100;500100;False;0.018875635999847800023
82;100;500100;False;0.018738738000137901418
83;100;500100;False;0.018805264000093101229
84;100;500100;False;0.0190699999998284013
85;100;500100;False;0.019022951999886201363
86;100;500100;False;0.01867249399992940151
87;100;500100;False;0.019217036000099701337
88;100;500100;False;0.019388027999866601359
89;100;500100;False;0.018762012000024301528
90;100;500100;False;0.019721665000360901615
91;100;500100;False;0.018957059000058500142
92;100;500100;False;0.019083506000242601158
93;100;500100;False;0.017763897000349901378
94;100;500100;False;0.018487215999811901224
95;100;500100;False;0.018192151999755601377
96;100;500100;False;0.018157345999952601706
97;100;500100;False;0.016766623999956001279
98;100;500100;False;0.017644752999785601189
99;100;500100;False;0.02081534900025840129
0;100;500100;True;0.20012810000025610391
1;100;500100;True;0.2005034249996242024
2;100;500100;True;0.20331429499992720311
3;100;500100;True;0.19843290600010721203
4;100;500100;True;0.199770016999991612
5;100;500100;True;0.21914219500013121245
6;100;500100;True;0.19671610100021991174
7;100;500100;True;0.19664628999998950976
8;100;500100;True;0.21020864499996580466
9;100;500100;True;0.20146741600001380479
10;100;500100;True;0.20118026599993740766
11;100;500100;True;0.20536886500030940295
12;100;500100;True;0.20502868499988810558
13;100;500100;True;0.21422773399990541199
14;100;500100;True;0.20916762000024380352
15;100;500100;True;0.20149327399985850207
16;100;500100;True;0.20054599500008390978
17;100;500100;True;0.21053821400028011057
18;100;500100;True;0.2020298829997954071
19;100;500100;True;0.20454028699987231166
20;100;500100;True;0.20461960600005110744
21;100;500100;True;0.19909927700018670294
22;100;500100;True;0.19948922000003210808
23;100;500100;True;0.20513982500006000542
24;100;500100;True;0.20001858400019040252
25;100;500100;True;0.19893093099972231075
26;100;500100;True;0.20726419399989021164
27;100;500100;True;0.20043025699987990218
28;100;500100;True;0.19766728900003710523
29;100;500100;True;0.20571748900010780603
30;100;500100;True;0.20386914700020480895
31;100;500100;True;0.20227771700001540012
32;100;500100;True;0.20391976199971370565
33;100;500100;True;0.19859455899995720474
34;100;500100;True;0.19673602800003200941
35;100;500100;True;0.20595643800015750458
36;100;500100;True;0.20064675399999021277
37;100;500100;True;0.21432670000012871148
38;100;500100;True;0.20573372900025760357
39;100;500100;True;0.19818409799972860896
40;100;500100;True;0.19891199500034401071
41;100;500100;True;0.20475045300008770655
42;100;500100;True;0.19836358599968650918
43;100;500100;True;0.19921412299981960947
44;100;500100;True;0.20600570099986720285
45;100;500100;True;0.19947630499973451057
46;100;500100;True;0.1991073120002511132
47;100;500100;True;0.21080161899999430575
48;100;500100;True;0.19791235799993950328
49;100;500100;True;0.20446001700020130509
50;100;500100;True;0.20952026400027520814
51;100;500100;True;0.19965945900003120861
52;100;500100;True;0.2001853970000410099
53;100;500100;True;0.2039456909997169054
54;100;500100;True;0.20073351700011690668
55;100;500100;True;0.19711314699998180866
56;100;500100;True;0.20616273499990700468
57;100;500100;True;0.19932623399972720923
58;100;500100;True;0.20606971000006510386
59;100;500100;True;0.20799907399987180301
60;100;500100;True;0.20188083299990461361
61;100;500100;True;0.20018171099991360906
62;100;500100;True;0.20307476499965540495
63;100;500100;True;0.19571371799975151307
64;100;500100;True;0.19664577899993671006
65;100;500100;True;0.21531086899994980599
66;100;500100;True;0.20319636299973350968
67;100;500100;True;0.20609626199984620865
68;100;500100;True;0.2060689589998218052
69;100;500100;True;0.20837960900007590492
70;100;500100;True;0.199548992000018105
71;100;500100;True;0.20626425599994030469
72;100;500100;True;0.2019081640000877087
73;100;500100;True;0.20102856199991930852
74;100;500100;True;0.2086794540000480036
75;100;500100;True;0.19823289999976620446
76;100;500100;True;0.20248651000019890489
77;100;500100;True;0.20243462199960041148
78;100;500100;True;0.20275290099971240987
79;100;500100;True;0.19603405999987430497
80;100;500100;True;0.20114949899971171221
81;100;500100;True;0.19836513899963370555
82;100;500100;True;0.1998265739998713042
83;100;500100;True;0.20278509099989600051
84;100;500100;True;0.19525900399958090459
85;100;500100;True;0.19483731199989040572
86;100;500100;True;0.20957493499963650296
87;100;500100;True;0.19563797599994350862
88;100;500100;True;0.20171864800022371034
89;100;500100;True;0.20132091999994350395
90;100;500100;True;0.1957126259999313056
91;100;500100;True;0.1964461339998704037
92;100;500100;True;0.20123461899993330682
93;100;500100;True;0.20064750500023351143
94;100;500100;True;0.19843903699984360989
95;100;500100;True;0.20195073400009261322
96;100;500100;True;0.20070621600007140795
97;100;500100;True;0.19690748099992561038
98;100;500100;True;0.2064810430001670083
99;100;500100;True;0.19689194200009291214
0;100;600100;False;0.020887907000087500148
1;100;600100;False;0.01905307000015420138
2;100;600100;False;0.0190106299996841005
3;100;600100;False;0.019647204999728200975
4;100;600100;False;0.018383971999810400089
5;100;600100;False;0.017669690000275101172
6;100;600100;False;0.018326303999856401183
7;100;600100;False;0.018277562000093800637
8;100;600100;False;0.01847643600012810125
9;100;600100;False;0.01855873000022250155
10;100;600100;False;0.018282171000009801026
11;100;600100;False;0.018788551999932401326
12;100;600100;False;0.020535613999982001154
13;100;600100;False;0.019264736999957600416
14;100;600100;False;0.01918569700001170053
15;100;600100;False;0.01869166000005860126
16;100;600100;False;0.019693011000072001282
17;100;600100;False;0.02189121000037630091
18;100;600100;False;0.020425247000275700143
19;100;600100;False;0.024891085000035600289
20;100;600100;False;0.0205362239998976015
21;100;600100;False;0.021156019000045201556
22;100;600100;False;0.02126259900023790006
23;100;600100;False;0.020797274999949801055
24;100;600100;False;0.021370091000335201398
25;100;600100;False;0.021316309999747300868
26;100;600100;False;0.020656831999986000753
27;100;600100;False;0.020382736000101400048
28;100;600100;False;0.022529609000230200327
29;100;600100;False;0.02024933500024410013
30;100;600100;False;0.021727852999902000364
31;100;600100;False;0.0205322080000769
32;100;600100;False;0.02066653000019860048
33;100;600100;False;0.020063367000147901142
34;100;600100;False;0.019575079000332701318
35;100;600100;False;0.019823745999929000966
36;100;600100;False;0.019824679000066600804
37;100;600100;False;0.02125298100008870053
38;100;600100;False;0.019918905999929601564
39;100;600100;False;0.020216755000092200001
40;100;600100;False;0.019738336000045701712
41;100;600100;False;0.019189525000001501215
42;100;600100;False;0.019593975000134201264
43;100;600100;False;0.019331701999817301613
44;100;600100;False;0.020063125999967901247
45;100;600100;False;0.020263202000023700783
46;100;600100;False;0.020793779000086901054
47;100;600100;False;0.020850554999924400534
48;100;600100;False;0.020587712000178601257
49;100;600100;False;0.019708750000063401248
50;100;600100;False;0.019665219000216501571
51;100;600100;False;0.019729349000044700546
52;100;600100;False;0.019294001000162000481
53;100;600100;False;0.020952627000042401556
54;100;600100;False;0.020084515999769601141
55;100;600100;False;0.02059955400000030093
56;100;600100;False;0.018989298999713001559
57;100;600100;False;0.02240530500012000159
58;100;600100;False;0.019667993999973900493
59;100;600100;False;0.020266387999981601287
60;100;600100;False;0.019741060999876901272
61;100;600100;False;0.020447619000151101565
62;100;600100;False;0.02448937000008280171
63;100;600100;False;0.020945242999914501225
64;100;600100;False;0.019790624000051701414
65;100;600100;False;0.01957181300031150123
66;100;600100;False;0.020279632999972801305
67;100;600100;False;0.020316552000167201197
68;100;600100;False;0.020048920000135601188
69;100;600100;False;0.021087991000058401575
70;100;600100;False;0.020392975000049700512
71;100;600100;False;0.020412982999914501547
72;100;600100;False;0.019724450000012400813
73;100;600100;False;0.019658296000215701171
74;100;600100;False;0.020032387999890301222
75;100;600100;False;0.020328113999767000175
76;100;600100;False;0.020186537999961701173
77;100;600100;False;0.020234567999978001623
78;100;600100;False;0.023897658999885600106
79;100;600100;False;0.019837692999771901203
80;100;600100;False;0.021385308999924700774
81;100;600100;False;0.022515052000017000966
82;100;600100;False;0.020101648000035901576
83;100;600100;False;0.020299820000218401356
84;100;600100;False;0.0202606369998648006
85;100;600100;False;0.019756740000048001599
86;100;600100;False;0.022313693000341701389
87;100;600100;False;0.022207073000117601158
88;100;600100;False;0.020670165999945300933
89;100;600100;False;0.021689800999865501557
90;100;600100;False;0.019626866000180501204
91;100;600100;False;0.019719209999948101447
92;100;600100;False;0.019745409000279101619
93;100;600100;False;0.019596971000282601555
94;100;600100;False;0.019630784000128100736
95;100;600100;False;0.0201185810001334002
96;100;600100;False;0.022199178999926301448
97;100;600100;False;0.018990761999702801543
98;100;600100;False;0.019418355000197701221
99;100;600100;False;0.01751761400009840125
0;100;600100;True;0.24813681800014811274
1;100;600100;True;0.26040241900000171693
2;100;600100;True;0.29583691800007722028
3;100;600100;True;0.3004985459997441266
4;100;600100;True;0.28680948300006992024
5;100;600100;True;0.28103363299987882407
6;100;600100;True;0.25233768100042641702
7;100;600100;True;0.29397533300016220892
8;100;600100;True;0.2973221699999156198
9;100;600100;True;0.24737591000030070831
10;100;600100;True;0.2536144189998594256
11;100;600100;True;0.25475867700015442097
12;100;600100;True;0.24895764199982270415
13;100;600100;True;0.24984820400004520424
14;100;600100;True;0.24839798999983020433
15;100;600100;True;0.24553234599989071096
16;100;600100;True;0.25125197100032892195
17;100;600100;True;0.25112001299976322022
18;100;600100;True;0.26070145100038621955
19;100;600100;True;0.24362240000027660103
20;100;600100;True;0.2448948000001109071
21;100;600100;True;0.25479344399991532555
22;100;600100;True;0.24984171199957910803
23;100;600100;True;0.2540934389999163212
24;100;600100;True;0.24645481799961990732
25;100;600100;True;0.24587469100015360568
26;100;600100;True;0.25290850200008202497
27;100;600100;True;0.24938759899987400503
28;100;600100;True;0.2525397889999109191
29;100;600100;True;0.24486553499991700611
30;100;600100;True;0.31978295900034930943
31;100;600100;True;0.2483374160001403097
32;100;600100;True;0.24439886800018931212
33;100;600100;True;0.25076791199990111636
34;100;600100;True;0.24692171700007731205
35;100;600100;True;0.24423314700015891221
36;100;600100;True;0.24832844999991721124
37;100;600100;True;0.24144216499962550815
38;100;600100;True;0.32722825399969202032
39;100;600100;True;0.2458793979999427115
40;100;600100;True;0.25364406499966202224
41;100;600100;True;0.24632223999969921069
42;100;600100;True;0.31862578600021151942
43;100;600100;True;0.2525716999998621204
44;100;600100;True;0.24428837100003861216
45;100;600100;True;0.24864057600007061222
46;100;600100;True;0.24888470399991990956
47;100;600100;True;0.25161253799979022006
48;100;600100;True;0.2551888960001633122
49;100;600100;True;0.24821066799995600283
50;100;600100;True;0.24584107599957860657
51;100;600100;True;0.24804891400026460313
52;100;600100;True;0.24247639600025630569
53;100;600100;True;0.2563324439997812232
54;100;600100;True;0.24320180900031110327
55;100;600100;True;0.24482814400016650325
56;100;600100;True;0.24928450500010490565
57;100;600100;True;0.2461849930000425124
58;100;600100;True;0.2596981359997698191
59;100;600100;True;0.24484142900018920908
60;100;600100;True;0.31955285699996222037
61;100;600100;True;0.25053371200010582376
62;100;600100;True;0.25201350099996472354
63;100;600100;True;0.2491236740002021055
64;100;600100;True;0.24199581500033670589
65;100;600100;True;0.29027791800035612768
66;100;600100;True;0.24965659300005410559
67;100;600100;True;0.2396379460001298034
68;100;600100;True;0.24309466799968490469
69;100;600100;True;0.2435005769998495051
70;100;600100;True;0.24833075100013940473
71;100;600100;True;0.24331362200018691322
72;100;600100;True;0.24996003500018540433
73;100;600100;True;0.24115123999990820125
74;100;600100;True;0.2406498730001656039
75;100;600100;True;0.24542819599992060642
76;100;600100;True;0.24313778599980651052
77;100;600100;True;0.24745968699971840343
78;100;600100;True;0.23848770899985530236
79;100;600100;True;0.24883506100013610962
80;100;600100;True;0.32381976900023801136
81;100;600100;True;0.24170709200006951223
82;100;600100;True;0.24713217099997550341
83;100;600100;True;0.27725519700015860414
84;100;600100;True;0.24163929099995570815
85;100;600100;True;0.2446642710001467047
86;100;600100;True;0.24272283299978880677
87;100;600100;True;0.25079718400002082301
88;100;600100;True;0.24042551899992750664
89;100;600100;True;0.24647102400012940726
90;100;600100;True;0.24118436200023990468
91;100;600100;True;0.24258303999977190446
92;100;600100;True;0.24779575000002290741
93;100;600100;True;0.240726053999878703
94;100;600100;True;0.28184808599962701825
95;100;600100;True;0.28906304700012691589
96;100;600100;True;0.27859214399995801958
97;100;600100;True;0.29902107699990632117
98;100;600100;True;0.27360680899982980918
99;100;600100;True;0.27586137800017240806
0;100;700100;False;0.022296314000413701428
1;100;700100;False;0.02189098199960410121
2;100;700100;False;0.020418721999703501324
3;100;700100;False;0.020992567999655601524
4;100;700100;False;0.021552668999902300367
5;100;700100;False;0.019185620999905901585
6;100;700100;False;0.019115136999971301529
7;100;700100;False;0.019412869999996400922
8;100;700100;False;0.021234054000160401676
9;100;700100;False;0.019358715999715000317
10;100;700100;False;0.01931443900002690131
11;100;700100;False;0.019603186000040101478
12;100;700100;False;0.019416424999690200248
13;100;700100;False;0.019539503000032501512
14;100;700100;False;0.02035179900030920086
15;100;700100;False;0.020395715000176801307
16;100;700100;False;0.021081217000300900982
17;100;700100;False;0.028634617000079701232
18;100;700100;False;0.022098597999956601234
19;100;700100;False;0.021834918999957101532
20;100;700100;False;0.02218585500031600155
21;100;700100;False;0.021994086000177000273
22;100;700100;False;0.022014346000105201179
23;100;700100;False;0.022641326000211601382
24;100;700100;False;0.023110871999961001
25;100;700100;False;0.022452980000252701492
26;100;700100;False;0.02240525800016230154
27;100;700100;False;0.022021366999979301304
28;100;700100;False;0.022000638000008600204
29;100;700100;False;0.021091413000249300408
30;100;700100;False;0.020942156000273701166
31;100;700100;False;0.020641534999867601485
32;100;700100;False;0.020679509000273901126
33;100;700100;False;0.025447685000017001428
34;100;700100;False;0.021188157999858601294
35;100;700100;False;0.022094757000104301575
36;100;700100;False;0.021309712999936801514
37;100;700100;False;0.020988541999940900362
38;100;700100;False;0.02101766900022980153
39;100;700100;False;0.020315795999977001585
40;100;700100;False;0.020231771999988001215
41;100;700100;False;0.021279673000208200462
42;100;700100;False;0.021683250999558201233
43;100;700100;False;0.021125135000147201442
44;100;700100;False;0.021103102000324700654
45;100;700100;False;0.021103142999891001674
46;100;700100;False;0.021026163999977101615
47;100;700100;False;0.021002057999794401105
48;100;700100;False;0.02115845700018300149
49;100;700100;False;0.024688896000043300538
50;100;700100;False;0.021472072000051401625
51;100;700100;False;0.021587213999737200204
52;100;700100;False;0.02143221500000400126
53;100;700100;False;0.020294462000038000077
54;100;700100;False;0.020641691000036901243
55;100;700100;False;0.020492604000082601662
56;100;700100;False;0.020900738999898700599
57;100;700100;False;0.021970922999571401713
58;100;700100;False;0.021904974999870201191
59;100;700100;False;0.021243098000013501542
60;100;700100;False;0.022043834000214701518
61;100;700100;False;0.020590851000179100083
62;100;700100;False;0.020953931999883601556
63;100;700100;False;0.021806855999784501704
64;100;700100;False;0.021336317000077500983
65;100;700100;False;0.023590935999891201463
66;100;700100;False;0.020716481999897701227
67;100;700100;False;0.022831449000022801393
68;100;700100;False;0.024633414999698101389
69;100;700100;False;0.021237136999843600482
70;100;700100;False;0.021481327999936100648
71;100;700100;False;0.021842229999947400387
72;100;700100;False;0.0229796139997233001
73;100;700100;False;0.02173890199992440167
74;100;700100;False;0.022269085000061701607
75;100;700100;False;0.021976649999942001606
76;100;700100;False;0.021918628000094000224
77;100;700100;False;0.0215953040001292014
78;100;700100;False;0.020902687999750601405
79;100;700100;False;0.021531028999561101223
80;100;700100;False;0.021437808999962601475
81;100;700100;False;0.025344712000332801638
82;100;700100;False;0.021060822999970401498
83;100;700100;False;0.021335111000098501421
84;100;700100;False;0.02148166300003140003
85;100;700100;False;0.02149984900006500152
86;100;700100;False;0.021438368999952200217
87;100;700100;False;0.02098181800010930076
88;100;700100;False;0.023881959999926000854
89;100;700100;False;0.02098040600003510045
90;100;700100;False;0.022272917000009301303
91;100;700100;False;0.0213653180003346016
92;100;700100;False;0.021256617999824801296
93;100;700100;False;0.020914228000037501237
94;100;700100;False;0.020785758999863901408
95;100;700100;False;0.020121517999996001158
96;100;700100;False;0.020287757999994701641
97;100;700100;False;0.022434487000282301444
98;100;700100;False;0.019442337999862401715
99;100;700100;False;0.01976903800004940065
0;100;700100;True;0.14947999700007130741
1;100;700100;True;0.14603463799994620409
2;100;700100;True;0.15669025199986200136
3;100;700100;True;0.15386654100029770187
4;100;700100;True;0.14661874200010061031
5;100;700100;True;0.14865240000017360122
6;100;700100;True;0.15200849699976970442
7;100;700100;True;0.15720527099983880315
8;100;700100;True;0.14638372800027341092
9;100;700100;True;0.147800307000125003
10;100;700100;True;0.15397941199989870209
11;100;700100;True;0.14945583600001541291
12;100;700100;True;0.15368799200041380337
13;100;700100;True;0.14992628299978580375
14;100;700100;True;0.14569530700009630797
15;100;700100;True;0.14843973699998960769
16;100;700100;True;0.15453436999996481016
17;100;700100;True;0.15036621799981730874
18;100;700100;True;0.1466884709998337033
19;100;700100;True;0.15149968000014260583
20;100;700100;True;0.14879348600015870896
21;100;700100;True;0.1487077299998418034
22;100;700100;True;0.15210396299971751244
23;100;700100;True;0.14851253200004060906
24;100;700100;True;0.14640650500041360593
25;100;700100;True;0.14605613599997011032
26;100;700100;True;0.1499151939997316052
27;100;700100;True;0.15500565100001040264
28;100;700100;True;0.14958927700035920538
29;100;700100;True;0.15095668399999340181
30;100;700100;True;0.14922561399998790499
31;100;700100;True;0.1545792289998642044
32;100;700100;True;0.14651180400005600624
33;100;700100;True;0.14930330500010310923
34;100;700100;True;0.14628495699980700873
35;100;700100;True;0.1496229469998978101
36;100;700100;True;0.14619554399996551042
37;100;700100;True;0.14803780300007921
38;100;700100;True;0.14630504399974580965
39;100;700100;True;0.15442692899978280319
40;100;700100;True;0.15135445199985020359
41;100;700100;True;0.1566237000001818036
42;100;700100;True;0.14789862199995690295
43;100;700100;True;0.15171727900042231152
44;100;700100;True;0.14459793299965881253
45;100;700100;True;0.14585107699986110674
46;100;700100;True;0.145420336999904809
47;100;700100;True;0.15408350400002740477
48;100;700100;True;0.1454604249997827059
49;100;700100;True;0.15045903099962740224
50;100;700100;True;0.14819926800009830536
51;100;700100;True;0.15245709999999221274
52;100;700100;True;0.14724221400001610838
53;100;700100;True;0.14616694400001500886
54;100;700100;True;0.14571821800018361359
55;100;700100;True;0.15416030799997310075
56;100;700100;True;0.1477683339999202039
57;100;700100;True;0.14729299999999040383
58;100;700100;True;0.15268266099974420191
59;100;700100;True;0.15257803799977401327
60;100;700100;True;0.14442867799971270681
61;100;700100;True;0.14950714399992640069
62;100;700100;True;0.14737300400020100777
63;100;700100;True;0.15028691599991350625
64;100;700100;True;0.14837654900020411097
65;100;700100;True;0.15005196999982201023
66;100;700100;True;0.14887118600017851255
67;100;700100;True;0.1482281499997951113
68;100;700100;True;0.1555768680000254034
69;100;700100;True;0.14425445400001990492
70;100;700100;True;0.14688907900017500463
71;100;700100;True;0.14583848600022961128
72;100;700100;True;0.14707860200041961152
73;100;700100;True;0.14960037799983180729
74;100;700100;True;0.1470575509997615049
75;100;700100;True;0.14719153900023221326
76;100;700100;True;0.14875873599976330297
77;100;700100;True;0.15376992699975730594
78;100;700100;True;0.14614380100010740393
79;100;700100;True;0.14545928199959221039
80;100;700100;True;0.14818862699985391185
81;100;700100;True;0.15487280900015321095
82;100;700100;True;0.1488557020002188036
83;100;700100;True;0.14764056199965100435
84;100;700100;True;0.15233666299991441284
85;100;700100;True;0.14443330499989290305
86;100;700100;True;0.14901574799978320462
87;100;700100;True;0.14528647599990990313
88;100;700100;True;0.1500329559999044049
89;100;700100;True;0.14618930500000701378
90;100;700100;True;0.14312597600019211219
91;100;700100;True;0.14249324299998980536
92;100;700100;True;0.15475297200009660581
93;100;700100;True;0.14432124799986920105
94;100;700100;True;0.14419923200011880438
95;100;700100;True;0.14639214900034830391
96;100;700100;True;0.15353360300014171069
97;100;700100;True;0.1470465940001302041
98;100;700100;True;0.14328883899997890694
99;100;700100;True;0.14276453299999031232
0;100;800100;False;0.025646060999861001323
1;100;800100;False;0.022339204999752601544
2;100;800100;False;0.022113868999894998463
3;100;800100;False;0.022082207000039301426
4;100;800100;False;0.021859148000203200424
5;100;800100;False;0.021150404000309201702
6;100;800100;False;0.025328345999696400687
7;100;800100;False;0.030277813999873601225
8;100;800100;False;0.021394954000243101427
9;100;800100;False;0.020504200000231998652
10;100;800100;False;0.02017341200007620114
11;100;800100;False;0.022283202000380600283
12;100;800100;False;0.021412455999779901605
13;100;800100;False;0.020910300999730600108
14;100;800100;False;0.024363818000437898609
15;100;800100;False;0.023035620999962501398
16;100;800100;False;0.022079580999615898429
17;100;800100;False;0.023250545000336998724
18;100;800100;False;0.02390143599995990173
19;100;800100;False;0.025070848000268500244
20;100;800100;False;0.024453329000152700112
21;100;800100;False;0.025290027999744498638
22;100;800100;False;0.027304806999836700454
23;100;800100;False;0.025223731000096401289
24;100;800100;False;0.024067424999884401426
25;100;800100;False;0.023402985000302401614
26;100;800100;False;0.023581529000239201399
27;100;800100;False;0.022965391999605098278
28;100;800100;False;0.023179544999947898631
29;100;800100;False;0.029398053000022600356
30;100;800100;False;0.022517689999858498534
31;100;800100;False;0.022546266000063000523
32;100;800100;False;0.023178832999747100985
33;100;800100;False;0.023102044000097500531
34;100;800100;False;0.022490676999950401371
35;100;800100;False;0.022749623999970901289
36;100;800100;False;0.025047727000128101188
37;100;800100;False;0.025796528999762601692
38;100;800100;False;0.023679705000176701213
39;100;800100;False;0.023781541000061901664
40;100;800100;False;0.022624332999839600472
41;100;800100;False;0.023698010000316401674
42;100;800100;False;0.022713655000188501254
43;100;800100;False;0.024959147000117601345
44;100;800100;False;0.0239077730002460985
45;100;800100;False;0.022629553000114998457
46;100;800100;False;0.024211576999732600801
47;100;800100;False;0.022675681999771501313
48;100;800100;False;0.02435549299980260124
49;100;800100;False;0.02381932100024640106
50;100;800100;False;0.02495310199992660169
51;100;800100;False;0.022193231000073601611
52;100;800100;False;0.022734271999979401707
53;100;800100;False;0.023216629999751398766
54;100;800100;False;0.022600384000270201668
55;100;800100;False;0.022520449999774400096
56;100;800100;False;0.022721897000337498707
57;100;800100;False;0.025847781999800600178
58;100;800100;False;0.022464431000116601156
59;100;800100;False;0.022662792000119200836
60;100;800100;False;0.022432028999901300337
61;100;800100;False;0.02311187699979180138
62;100;800100;False;0.023716238999895701556
63;100;800100;False;0.022700484999859101704
64;100;800100;False;0.027647704999708300894
65;100;800100;False;0.023678676000145001262
66;100;800100;False;0.022822738999820801203
67;100;800100;False;0.023722069000086498658
68;100;800100;False;0.023257164999904201413
69;100;800100;False;0.022868776999985001436
70;100;800100;False;0.02290606999986260009
71;100;800100;False;0.025800897999943100264
72;100;800100;False;0.023210745000141898287
73;100;800100;False;0.02436856299982520166
74;100;800100;False;0.022978707999754901387
75;100;800100;False;0.023408284999732100612
76;100;800100;False;0.023462559000108601515
77;100;800100;False;0.023506424000061001273
78;100;800100;False;0.025270053999974801534
79;100;800100;False;0.023440554000444500937
80;100;800100;False;0.022509873999751798396
81;100;800100;False;0.02417964599999300121
82;100;800100;False;0.023354839000148501504
83;100;800100;False;0.024146053000094900437
84;100;800100;False;0.022781436000059201302
85;100;800100;False;0.026565298000150401603
86;100;800100;False;0.022529410000060798303
87;100;800100;False;0.022907286999725301468
88;100;800100;False;0.022128619000341100825
89;100;800100;False;0.02258105900000350122
90;100;800100;False;0.023344116999851300537
91;100;800100;False;0.023581193000154501704
92;100;800100;False;0.026945616999910101258
93;100;800100;False;0.023463144999823201675
94;100;800100;False;0.023027998000088700792
95;100;800100;False;0.022427582999625800264
96;100;800100;False;0.02365310999994100008
97;100;800100;False;0.021581635000075000824
98;100;800100;False;0.022343871999964900338
99;100;800100;False;0.026969552000082098325
0;100;800100;True;0.17115806299989330674
1;100;800100;True;0.16783996200001630172
2;100;800100;True;0.17521682500000670957
3;100;800100;True;0.17014165499995201336
4;100;800100;True;0.17064282699993771342
5;100;800100;True;0.16818135899984540393
6;100;800100;True;0.16699482100011650565
7;100;800100;True;0.17117259499991618887
8;100;800100;True;0.17008095600021980176
9;100;800100;True;0.17240713699993640007
10;100;800100;True;0.16960001899997220742
11;100;800100;True;0.17340430300009740394
12;100;800100;True;0.17477576999999638874
13;100;800100;True;0.16892109100035648805
14;100;800100;True;0.17066653699976080949
15;100;800100;True;0.17134256800000000065
16;100;800100;True;0.17655554200018730437
17;100;800100;True;0.17483925900023661315
18;100;800100;True;0.16965616300012678619
19;100;800100;True;0.17502559699960321127
20;100;800100;True;0.16851779099988550836
21;100;800100;True;0.17030317600028860303
22;100;800100;True;0.17283342000018800388
23;100;800100;True;0.18013407799980990509
24;100;800100;True;0.17415360600034540672
25;100;800100;True;0.16950989700035271057
26;100;800100;True;0.1705752549996759071
27;100;800100;True;0.17912446999980591311
28;100;800100;True;0.16684098399991850736
29;100;800100;True;0.17519573700019461238
30;100;800100;True;0.16887470899973761052
31;100;800100;True;0.1769076670002505125
32;100;800100;True;0.16835417199990840298
33;100;800100;True;0.1686312440001528079
34;100;800100;True;0.16883257000017690141
35;100;800100;True;0.17335206899997490648
36;100;800100;True;0.17561351599988481165
37;100;800100;True;0.1676863439997758054
38;100;800100;True;0.16886243399994768644
39;100;800100;True;0.17026381000005130772
40;100;800100;True;0.168427307999991005
41;100;800100;True;0.17764558999988361299
42;100;800100;True;0.16886918599993788748
43;100;800100;True;0.17179638400011751354
44;100;800100;True;0.16932572399991840939
45;100;800100;True;0.17085158700001540355
46;100;800100;True;0.17185705800011411015
47;100;800100;True;0.1695077019999189083
48;100;800100;True;0.16525501000023720688
49;100;800100;True;0.17086415700032370202
50;100;800100;True;0.16969649300017400351
51;100;800100;True;0.17354532099989208871
52;100;800100;True;0.16940446999979030807
53;100;800100;True;0.16674596999973800848
54;100;800100;True;0.16959861300028930553
55;100;800100;True;0.16858674400009471261
56;100;800100;True;0.16975192499967300952
57;100;800100;True;0.16839920699976571039
58;100;800100;True;0.16684616200018351218
59;100;800100;True;0.16909749700016610263
60;100;800100;True;0.17218897799966720319
61;100;800100;True;0.16977873599989820597
62;100;800100;True;0.18351889400037180167
63;100;800100;True;0.16770238300023260214
64;100;800100;True;0.17279595199988750931
65;100;800100;True;0.1706136489997334138
66;100;800100;True;0.17735506500002870545
67;100;800100;True;0.16962894400012371032
68;100;800100;True;0.16774332199975100499
69;100;800100;True;0.17068070699997400785
70;100;800100;True;0.17780003600000771069
71;100;800100;True;0.16794036700002820672
72;100;800100;True;0.16876926999975680466
73;100;800100;True;0.16726443399966220427
74;100;800100;True;0.17619624200006001047
75;100;800100;True;0.16989270900012340415
76;100;800100;True;0.17313475799983280012
77;100;800100;True;0.17280389000006821099
78;100;800100;True;0.17557364399999630944
79;100;800100;True;0.17436744599990561255
80;100;800100;True;0.17107086599980900199
81;100;800100;True;0.17136043599975880891
82;100;800100;True;0.16777484500016720537
83;100;800100;True;0.16854317299976170896
84;100;800100;True;0.17090625099990561231
85;100;800100;True;0.1670565850004095132
86;100;800100;True;0.1701925400002435862
87;100;800100;True;0.16756304599994101268
88;100;800100;True;0.16714549400012390645
89;100;800100;True;0.1717270869999082128
90;100;800100;True;0.17149292499971111048
91;100;800100;True;0.16751024500035768816
92;100;800100;True;0.16833900600022380645
93;100;800100;True;0.16976838100026708789
94;100;800100;True;0.1714996760001668008
95;100;800100;True;0.16596703599998360867
96;100;800100;True;0.16456586300000700107
97;100;800100;True;0.17345042299984911316
98;100;800100;True;0.17349362200002360623
99;100;800100;True;0.17036123799971381043
0;100;900100;False;0.025140535999980700987
1;100;900100;False;0.02431667299970280069
2;100;900100;False;0.02434539900013980157
3;100;900100;False;0.02296421499977439884
4;100;900100;False;0.024641917999815601131
5;100;900100;False;0.021775860999696299014
6;100;900100;False;0.026998314000138599889
7;100;900100;False;0.023881445999904798994
8;100;900100;False;0.02237146600009499997
9;100;900100;False;0.022787284000059998545
10;100;900100;False;0.023299858999962400757
11;100;900100;False;0.022553554999831200434
12;100;900100;False;0.022577311000077298492
13;100;900100;False;0.028147868999894798403
14;100;900100;False;0.02396987399970380156
15;100;900100;False;0.024984694000067898811
16;100;900100;False;0.024979093000183600487
17;100;900100;False;0.025369192999732999988
18;100;900100;False;0.025628188000155198434
19;100;900100;False;0.0245438870001635015
20;100;900100;False;0.030321682999783598766
21;100;900100;False;0.027295008999772100988
22;100;900100;False;0.024968561000150598511
23;100;900100;False;0.02492161200007100147
24;100;900100;False;0.024746775000039598902
25;100;900100;False;0.02485333000004169915
26;100;900100;False;0.025618910000048299852
27;100;900100;False;0.02470555499985490136
28;100;900100;False;0.023246951999681100126
29;100;900100;False;0.023156197999924098274
30;100;900100;False;0.02311036999981290127
31;100;900100;False;0.02299315499976720134
32;100;900100;False;0.02313826199997489827
33;100;900100;False;0.023090642000170101544
34;100;900100;False;0.024242615000275601067
35;100;900100;False;0.02320956799985650007
36;100;900100;False;0.024416818999725298928
37;100;900100;False;0.023327204999986798917
38;100;900100;False;0.023243593999722998722
39;100;900100;False;0.024566094999954598416
40;100;900100;False;0.022970228999838498973
41;100;900100;False;0.025397050999799799381
42;100;900100;False;0.023223745999985098698
43;100;900100;False;0.023340748999999001712
44;100;900100;False;0.023494093999943198303
45;100;900100;False;0.02345276500000180106
46;100;900100;False;0.023049208999964300448
47;100;900100;False;0.02369832699969260173
48;100;900100;False;0.026921966999907398499
49;100;900100;False;0.024400415999934900457
50;100;900100;False;0.025450207999710899864
51;100;900100;False;0.024315880999893100395
52;100;900100;False;0.02380622200007560113
53;100;900100;False;0.023663105999730701251
54;100;900100;False;0.024018750999857698541
55;100;900100;False;0.02424666699971559855
56;100;900100;False;0.023597611000241099782
57;100;900100;False;0.02298239100036880006
58;100;900100;False;0.022970966000229898346
59;100;900100;False;0.02378374599993540034
60;100;900100;False;0.02347453500033220078
61;100;900100;False;0.024440397000034801145
62;100;900100;False;0.024422023000170101081
63;100;900100;False;0.023267536999810500137
64;100;900100;False;0.023651071000131099198
65;100;900100;False;0.023824975000024999072
66;100;900100;False;0.024100984000142398889
67;100;900100;False;0.023705755999799200257
68;100;900100;False;0.024526362999949900129
69;100;900100;False;0.024280520000047500079
70;100;900100;False;0.023098950000075998273
71;100;900100;False;0.02490862499962529994
72;100;900100;False;0.02324432000023080036
73;100;900100;False;0.023605412000051700927
74;100;900100;False;0.023708549000275500745
75;100;900100;False;0.02426935599987700004
76;100;900100;False;0.024555605999921601562
77;100;900100;False;0.023844049999752300883
78;100;900100;False;0.024498747000052299716
79;100;900100;False;0.024028524000186700371
80;100;900100;False;0.025659184000232898581
81;100;900100;False;0.02535763500009120125
82;100;900100;False;0.02425710099987549856
83;100;900100;False;0.025215270999979100958
84;100;900100;False;0.023726362000161298899
85;100;900100;False;0.02335042999993669835
86;100;900100;False;0.023424764000083000276
87;100;900100;False;0.023480500000005101457
88;100;900100;False;0.023701543000242901449
89;100;900100;False;0.024146136000126699334
90;100;900100;False;0.024942806000126400284
91;100;900100;False;0.023966522000136998571
92;100;900100;False;0.022876710000218701546
93;100;900100;False;0.022879574999933500329
94;100;900100;False;0.0228802059996268993
95;100;900100;False;0.022956590999910899548
96;100;900100;False;0.022889221999775999361
97;100;900100;False;0.023164129000178900614
98;100;900100;False;0.02276530400013139846
99;100;900100;False;0.023065630000019099466
0;100;900100;True;0.19501217800006998004
1;100;900100;True;0.19824992299982113764
2;100;900100;True;0.19576625599984254222
3;100;900100;True;0.19707933300014701672
4;100;900100;True;0.19514174400001138565
5;100;900100;True;0.19012088400040738634
6;100;900100;True;0.19106333299987454666
7;100;900100;True;0.19118809400015379651
8;100;900100;True;0.20602555000004940666
9;100;900100;True;0.1952798530001018662
10;100;900100;True;0.19198605300016424735
11;100;900100;True;0.19768789599993397132
12;100;900100;True;0.19890150499986702926
13;100;900100;True;0.19960347999995065038
14;100;900100;True;0.20629118500028198468
15;100;900100;True;0.19816673600007561618
16;100;900100;True;0.20010207299992543994
17;100;900100;True;0.19980112600023858249
18;100;900100;True;0.19386340000028212671
19;100;900100;True;0.19871646100000361912
20;100;900100;True;0.2029136159999325173
21;100;900100;True;0.19265886699986367603
22;100;900100;True;0.19686683999998422223
23;100;900100;True;0.20790369900032601436
24;100;900100;True;0.192897203000029549
25;100;900100;True;0.19124951999992845231
26;100;900100;True;0.197455378000086057
27;100;900100;True;0.19650661600007879315
28;100;900100;True;0.19606740800008992665
29;100;900100;True;0.19124439600000187056
30;100;900100;True;0.20115138599976489786
31;100;900100;True;0.19455934600000546197
32;100;900100;True;0.1957105350002166233
33;100;900100;True;0.20122248000006948132
34;100;900100;True;0.19600314499984961003
35;100;900100;True;0.19273896999993667123
36;100;900100;True;0.19764411200003451086
37;100;900100;True;0.19143651000013051089
38;100;900100;True;0.20812235800030975952
39;100;900100;True;0.19978850400002556853
40;100;900100;True;0.19157644799997797236
41;100;900100;True;0.19266949199982263963
42;100;900100;True;0.19812687300009201863
43;100;900100;True;0.19432072100016739569
44;100;900100;True;0.19285744199987675529
45;100;900100;True;0.19992154400006256765
46;100;900100;True;0.19503328600012537208
47;100;900100;True;0.19303506200003539561
48;100;900100;True;0.2013157879996470001
49;100;900100;True;0.19246694000003117253
50;100;900100;True;0.1938885370000207331
51;100;900100;True;0.19391261700002360158
52;100;900100;True;0.19568060299980061245
53;100;900100;True;0.19710394399999131565
54;100;900100;True;0.20484177499974975944
55;100;900100;True;0.19451093599991509109
56;100;900100;True;0.19083944399972097017
57;100;900100;True;0.20061801300016668392
58;100;900100;True;0.1922952240001905011
59;100;900100;True;0.19317587400018965127
60;100;900100;True;0.19712783500017394545
61;100;900100;True;0.19309931899988441728
62;100;900100;True;0.19265058400014822837
63;100;900100;True;0.1932560870000088471
64;100;900100;True;0.19873550400006934069
65;100;900100;True;0.19155271699992226786
66;100;900100;True;0.19719240399990667356
67;100;900100;True;0.19600146999982825946
68;100;900100;True;0.19699111600039032055
69;100;900100;True;0.18947604200002388097
70;100;900100;True;0.19690912899977774941
71;100;900100;True;0.20039963299996088608
72;100;900100;True;0.18938890399977026391
73;100;900100;True;0.1966239389998918341
74;100;900100;True;0.20377439899993987638
75;100;900100;True;0.19316851099983978202
76;100;900100;True;0.19664801399994757958
77;100;900100;True;0.19306127199979528086
78;100;900100;True;0.19250512700000399491
79;100;900100;True;0.20413189400005649077
80;100;900100;True;0.19369872600009330199
81;100;900100;True;0.19058956099979695864
82;100;900100;True;0.19515351399968494661
83;100;900100;True;0.19351124499962679693
84;100;900100;True;0.19306105199984813225
85;100;900100;True;0.19549693999988448923
86;100;900100;True;0.18914641099991058582
87;100;900100;True;0.19055050199995093863
88;100;900100;True;0.19098131900000225869
89;100;900100;True;0.19464192900022680988
90;100;900100;True;0.1906790399998499197
91;100;900100;True;0.19566516899976704735
92;100;900100;True;0.19470739200005482417
93;100;900100;True;0.18986624899980597547
94;100;900100;True;0.202021079000132886
95;100;900100;True;0.19059744100013631396
96;100;900100;True;0.1882195399998636276
97;100;900100;True;0.1951914549999855808
98;100;900100;True;0.18835021899985804339
99;100;900100;True;0.19022617700011323905
